site,DayOfYear,DetailedQA,EVI,NDVI,SummaryQA,date
QHI,56.13811189,9276.756993,-771.5769231,-553.3968531,2.687062937,2000-02-18T00:00:00
Kanger,58.54493984,18504.39561,361.7735315,245.0417551,2.363765039,2000-02-18T00:00:00
QHI,72.86868687,20499.63492,-606.6414141,-379.8124098,2,2000-03-05T00:00:00
Kanger,69.91932059,19852.67445,57.96532201,36.47346072,2,2000-03-05T00:00:00
QHI,93.11688312,10213.28716,-516.2914863,-322.5526696,2.627705628,2000-03-21T00:00:00
Kanger,89.01273885,20215.07785,246.7487615,185.1259731,2,2000-03-21T00:00:00
QHI,102.2034632,20497,-597.4040404,-370.7186147,2,2000-04-06T00:00:00
Kanger,101,20493,-198.522293,-155.383581,2,2000-04-06T00:00:00
QHI,124.005772,14024.95382,-552.2849928,-353.3470418,2.404040404,2000-04-22T00:00:00
Kanger,120.5590941,2732.772824,1630.839349,2959.828733,1.372257608,2000-04-22T00:00:00
QHI,132.7070707,19227.34343,-819.6284271,-537.1991342,2,2000-05-08T00:00:00
Kanger,136.6369427,4079.780609,1735.029016,3513.77707,1.850672328,2000-05-08T00:00:00
QHI,155.6515152,18522.28066,-570.1313131,-395.6399711,2.12049062,2000-05-24T00:00:00
Kanger,156,2575.512385,1867.682236,3431.487615,1.096249115,2000-05-24T00:00:00
QHI,171.5851371,4573.508658,1746.792929,3073.882395,2.329004329,2000-06-09T00:00:00
Kanger,166.8280255,3852.944091,2403.864827,4367.43029,0.822363765,2000-06-09T00:00:00
QHI,189.7388167,8109.803752,3721.929293,5341.910534,0.123376623,2000-06-25T00:00:00
Kanger,185.3099788,3648.27247,3047.448691,4860.412597,1,2000-06-25T00:00:00
QHI,200.984127,4160,4156.251804,6301.388167,0,2000-07-11T00:00:00
Kanger,200,2344.225761,3259.599434,5655.715499,0.109695683,2000-07-11T00:00:00
QHI,213.5901876,4185.292208,4776.020202,6622.155844,0.123376623,2000-07-27T00:00:00
Kanger,212.0658174,2785.985846,2093.883227,3228.434536,3,2000-07-27T00:00:00
QHI,238.005772,4109.001443,4199.655844,4945.067821,3,2000-08-12T00:00:00
Kanger,236,2405.656759,2804.83581,5039.564756,1,2000-08-12T00:00:00
QHI,243,4233,3749.692641,6380.468254,1,2000-08-28T00:00:00
Kanger,256,4233,2265.100495,4332.343949,1,2000-08-28T00:00:00
QHI,263,20696.59596,774.7222222,585.0937951,2,2000-09-13T00:00:00
Kanger,270,4242.237084,2080.961783,4419.477707,1,2000-09-13T00:00:00
QHI,287.5382395,20552.91342,-318.0606061,-203.7518038,2,2000-09-29T00:00:00
Kanger,275.9469214,20497,174.2123142,112.2951168,2,2000-09-29T00:00:00
QHI,301.017316,4204.585859,-1196.199856,-907.3679654,2.994227994,2000-10-15T00:00:00
Kanger,291.0559094,20214.3673,-167.665959,-106.895966,2,2000-10-15T00:00:00
QHI,307,20761.66667,-1059,-656,2.666666667,2000-10-31T00:00:00
Kanger,309.3156405,39333.44444,-520.8796886,-394.5159236,2,2000-10-31T00:00:00
QHI,,,,,,2000-11-16T00:00:00
Kanger,,,,,,2000-11-16T00:00:00
QHI,,,,,,2000-12-02T00:00:00
Kanger,,,,,,2000-12-02T00:00:00
QHI,,,,,,2000-12-18T00:00:00
Kanger,,,,,,2000-12-18T00:00:00
QHI,,,,,,2001-01-01T00:00:00
Kanger,,,,,,2001-01-01T00:00:00
QHI,,,,,,2001-01-17T00:00:00
Kanger,30,20497,-833,-550,2,2001-01-17T00:00:00
QHI,47.98268398,20497,-827.0497835,-522.1305916,2,2001-02-02T00:00:00
Kanger,41.57820241,9460.334041,-661.388535,-423.5958953,2.684359519,2001-02-02T00:00:00
QHI,51.02308802,15621.94805,-1122.247475,-1017.967532,2.226551227,2001-02-18T00:00:00
Kanger,53.7454844,26994.19869,166.7553366,106.2972085,2,2001-02-18T00:00:00
QHI,73.04184704,16925.98846,-570.2099567,-367.3290043,2.220779221,2001-03-06T00:00:00
Kanger,66.68390805,21131.99507,-74.66748768,-45.87931034,2.610837438,2001-03-06T00:00:00
QHI,91.52813853,20681.77633,-575.3362193,-358.7222222,2,2001-03-22T00:00:00
Kanger,89.84571833,20499.54494,-275.363765,-168.9731069,2,2001-03-22T00:00:00
QHI,111,20493,-605.8059163,-378.1904762,2,2001-04-07T00:00:00
Kanger,99.85067233,20493,-294.0580326,-183.920736,2,2001-04-07T00:00:00
QHI,117.5180375,14013.86869,-633.2251082,-399.1645022,2.395382395,2001-04-23T00:00:00
Kanger,125.1903751,19961.03326,-31.89101203,-21.16843595,2.109695683,2001-04-23T00:00:00
QHI,132,20493.75036,-559.7373737,-344.1940837,2,2001-05-09T00:00:00
Kanger,134.0679406,20853.30219,-173.5251238,-152.4472753,2.109695683,2001-05-09T00:00:00
QHI,155.965368,20495.41847,-602.6536797,-446.7907648,2,2001-05-25T00:00:00
Kanger,156,4352.53574,1913.525124,4825.524416,1.096249115,2001-05-25T00:00:00
QHI,161.6702742,11622.94156,436.1875902,488.034632,2.759018759,2001-06-10T00:00:00
Kanger,165,2181,2612.308563,4959.366596,1,2001-06-10T00:00:00
QHI,185,11598.49206,1739.16811,2827.056277,2.535353535,2001-06-26T00:00:00
Kanger,190,4229,3913.268224,6821.152159,1,2001-06-26T00:00:00
QHI,194,4160,3555.724387,5235.92785,0,2001-07-12T00:00:00
Kanger,206,3560.789101,4129.191083,6886.121727,0.684359519,2001-07-12T00:00:00
QHI,223.976912,4220.088745,4230.375902,6921.676768,0.870851371,2001-07-28T00:00:00
Kanger,213,2446.105449,4194.874735,6643.27247,0.157820241,2001-07-28T00:00:00
QHI,232,4228.601732,4256.063492,6616.670996,0.994227994,2001-08-13T00:00:00
Kanger,226.3849965,3462.230007,4097.144374,6399.185421,0.684359519,2001-08-13T00:00:00
QHI,242,3688.20202,3102.347763,5256.875902,0,2001-08-29T00:00:00
Kanger,249,4233,3192.845011,5493.931352,1,2001-08-29T00:00:00
QHI,263.7474747,4224.287879,2590.574315,4639.092352,0.873737374,2001-09-14T00:00:00
Kanger,261,4164,2558.732484,4646.777778,0,2001-09-14T00:00:00
QHI,276,20757,235.3679654,162.9148629,2,2001-09-30T00:00:00
Kanger,276.2618542,5728.825902,2447.878981,3287.417551,2.732484076,2001-09-30T00:00:00
QHI,292.0981241,49198.47042,-791.0412446,-574.7402597,2.232995658,2001-10-16T00:00:00
Kanger,300,19752.0092,1292.41472,963.2484076,2,2001-10-16T00:00:00
QHI,305.2835498,4142.828283,-1227.791486,-955.7647908,3,2001-11-01T00:00:00
Kanger,309.1847134,20360.02265,556.3220099,323.2066525,2.138004246,2001-11-01T00:00:00
QHI,,,,,,2001-11-17T00:00:00
Kanger,,,,,,2001-11-17T00:00:00
QHI,,,,,,2001-12-03T00:00:00
Kanger,,,,,,2001-12-03T00:00:00
QHI,,,,,,2001-12-19T00:00:00
Kanger,,,,,,2001-12-19T00:00:00
QHI,,,,,,2002-01-01T00:00:00
Kanger,,,,,,2002-01-01T00:00:00
QHI,,,,,,2002-01-17T00:00:00
Kanger,30.31068648,22052.47841,-589.3609342,-436.0997877,2.636234961,2002-01-17T00:00:00
QHI,44.05772006,4110,-1086.420635,-688.3088023,3,2002-02-02T00:00:00
Kanger,36.21939137,9972.593772,-413.5442321,-357.8924275,2.813871196,2002-02-02T00:00:00
QHI,62.96536797,20497,-556.2929293,-348.0851371,2,2002-02-18T00:00:00
Kanger,57.86199575,18010.86766,-171.2682236,-105.9766454,2.138004246,2002-02-18T00:00:00
QHI,70.86940837,19769.62915,-602.2871573,-374.9502165,2,2002-03-06T00:00:00
Kanger,70.08846426,20133.83227,-339.7508846,-211.133758,2,2002-03-06T00:00:00
QHI,88,32109.13564,-631.8088023,-413.9689755,2,2002-03-22T00:00:00
Kanger,89.57961783,20497,-243.9936306,-157.5633404,2,2002-03-22T00:00:00
QHI,109.8131313,20493.23954,-655.2647908,-405.1493506,2,2002-04-07T00:00:00
Kanger,100.3021939,20496.1564,-228.0728946,-138.8351026,2,2002-04-07T00:00:00
QHI,126.4300144,20493,-897.5865801,-571.1147186,2,2002-04-23T00:00:00
Kanger,121.3849965,20111.80821,-495.4656759,-317.9667374,2,2002-04-23T00:00:00
QHI,138.7878788,18522.11905,-563.7135642,-422.3304473,2.12049062,2002-05-09T00:00:00
Kanger,142.0127389,5024.775655,2036.36235,3950.26327,2.272469922,2002-05-09T00:00:00
QHI,155.6139971,4089.607504,1025.654401,1190.075758,3,2002-05-25T00:00:00
Kanger,153.6291578,3652.586695,2243.774947,3881.085633,1,2002-05-25T00:00:00
QHI,172.8037518,15861.614,918.6378066,1204.969697,1.833333333,2002-06-10T00:00:00
Kanger,168,4229,3100.210191,5571.968153,1,2002-06-10T00:00:00
QHI,189.7171717,4602.704906,3482.192641,4481.232323,2.88023088,2002-06-26T00:00:00
Kanger,189,4229,3485.646143,6243.523708,1,2002-06-26T00:00:00
QHI,200.988456,4148.178932,3981.391775,5818.782828,0,2002-07-12T00:00:00
Kanger,195.4260439,2446.105449,3879.004246,6319.283086,0.157820241,2002-07-12T00:00:00
QHI,211.5858586,4290.694084,4337.598846,6537.598846,1,2002-07-28T00:00:00
Kanger,221.6836518,4229,3642.747346,6229.064402,1,2002-07-28T00:00:00
QHI,234.8362193,11778.65079,2539.941558,4580.823232,1.212121212,2002-08-13T00:00:00
Kanger,233.6631281,3834.965322,3329.670205,5724.299363,0.813871196,2002-08-13T00:00:00
QHI,254,4164,2524.695527,4572.654401,0,2002-08-29T00:00:00
Kanger,247.1167728,3835.709837,2672.372258,4980.740269,0.813871196,2002-08-29T00:00:00
QHI,257,37979.00433,2614.655123,4075.891775,2.994227994,2002-09-14T00:00:00
Kanger,264,4164,2206.657466,4004.217268,0,2002-09-14T00:00:00
QHI,281.5324675,13637,-107.8845599,-101.4372294,2.784992785,2002-09-30T00:00:00
Kanger,287.1295117,20497.1925,289.6744515,217.3595188,2,2002-09-30T00:00:00
QHI,296.1608947,20497,-284.4379509,-186.6212121,2,2002-10-16T00:00:00
Kanger,293.9447983,4563.338995,390.9313517,334.2922859,2.951875442,2002-10-16T00:00:00
QHI,306.994228,3643.275613,-1426.300144,-1052.814574,3,2002-11-01T00:00:00
Kanger,315.4416136,39965.3581,308.7303609,214.2314225,2.813871196,2002-11-01T00:00:00
QHI,,,,,,2002-11-17T00:00:00
Kanger,,,,,,2002-11-17T00:00:00
QHI,,,,,,2002-12-03T00:00:00
Kanger,,,,,,2002-12-03T00:00:00
QHI,,,,,,2002-12-19T00:00:00
Kanger,,,,,,2002-12-19T00:00:00
QHI,,,,,,2003-01-01T00:00:00
Kanger,,,,,,2003-01-01T00:00:00
QHI,,,,,,2003-01-17T00:00:00
Kanger,31,4110,-550.2519462,-479.4706299,3,2003-01-17T00:00:00
QHI,47.94227994,4404.181818,-925.1291486,-593.0909091,2.994227994,2003-02-02T00:00:00
Kanger,42.78131635,35632.93418,-231.7777778,-260.3517339,2.138004246,2003-02-02T00:00:00
QHI,59.21717172,20497,-640.1464646,-411.3556999,2,2003-02-18T00:00:00
Kanger,63.36871904,42928.83015,528.6503892,366.6602972,2,2003-02-18T00:00:00
QHI,72.01731602,19985.73016,-668.8189033,-431.7611833,2.002886003,2003-03-06T00:00:00
Kanger,65.29582449,32391.2937,784.2561925,643.9617834,3,2003-03-06T00:00:00
QHI,92.87950938,20497,-554.2626263,-346.6948052,2,2003-03-22T00:00:00
Kanger,88.30007077,27357.38995,428.2710545,328.3177636,2.636234961,2003-03-22T00:00:00
QHI,107.1024531,20053.59452,-519.3441558,-321.7092352,2,2003-04-07T00:00:00
Kanger,101.2724699,20493,-83.36093418,-53.32625619,2,2003-04-07T00:00:00
QHI,115.1262626,20493.02309,-548.6810967,-345.9040404,2,2003-04-23T00:00:00
Kanger,115.2476999,20494.19108,322.2285916,228.7806086,2.752300071,2003-04-23T00:00:00
QHI,138,20020.3925,-831.7636224,-594.6349206,2,2003-05-09T00:00:00
Kanger,135.3368719,51477.89667,108.2809625,93.66595895,2.684359519,2003-05-09T00:00:00
QHI,151.1471861,7915.923521,-279.0440115,-197.1948052,2.767676768,2003-05-25T00:00:00
Kanger,158.1096957,4236.898089,2336.546355,4336.2661,1,2003-05-25T00:00:00
QHI,170.3210678,16940.12193,1255.624098,2697.857143,1.875901876,2003-06-10T00:00:00
Kanger,162,3865.200991,2446.680821,4223.773531,1,2003-06-10T00:00:00
QHI,183.1176046,8478.736652,2812.415584,4928.094517,1.11976912,2003-06-26T00:00:00
Kanger,187,3852.944091,3277.530786,5602.084926,0.822363765,2003-06-26T00:00:00
QHI,201.8535354,4238.079365,3792.141414,6693.046898,1,2003-07-12T00:00:00
Kanger,196,2112,3473.490446,5420.034678,0,2003-07-12T00:00:00
QHI,220.3953824,22634.08369,3971.23088,5770.515152,0.733766234,2003-07-28T00:00:00
Kanger,217.7275301,4229,3092.261854,5435.818117,1,2003-07-28T00:00:00
QHI,235.6558442,4229,3440.421356,5894.079365,1,2003-08-13T00:00:00
Kanger,238.2059448,3936.845011,2640.375796,4800.675867,0.861995754,2003-08-13T00:00:00
QHI,241,4164,3018.178932,5260.999278,0,2003-08-29T00:00:00
Kanger,253,2116,2006.612173,3736.236377,0,2003-08-29T00:00:00
QHI,258.5699856,17648.36364,-140.0714286,-95.27489177,2.177489177,2003-09-14T00:00:00
Kanger,259,3770.641897,2115.013447,3860.997169,1,2003-09-14T00:00:00
QHI,285.961039,4252.193362,-337.8917749,-235.0266955,2.994227994,2003-09-30T00:00:00
Kanger,281.5484784,20497.71054,5.130219391,4.242038217,2,2003-09-30T00:00:00
QHI,295.8030303,15776.14069,-1138.217172,-975.5945166,2.289321789,2003-10-16T00:00:00
Kanger,299.3375796,14283.79122,922.2377919,1137.932059,1.704175513,2003-10-16T00:00:00
QHI,305,3510.744589,-1304.843434,-922.2099567,3,2003-11-01T00:00:00
Kanger,307.2710545,19850.56829,40.27317764,2.155697098,2,2003-11-01T00:00:00
QHI,,,,,,2003-11-17T00:00:00
Kanger,,,,,,2003-11-17T00:00:00
QHI,,,,,,2003-12-03T00:00:00
Kanger,,,,,,2003-12-03T00:00:00
QHI,,,,,,2003-12-19T00:00:00
Kanger,,,,,,2003-12-19T00:00:00
QHI,,,,,,2004-01-01T00:00:00
Kanger,,,,,,2004-01-01T00:00:00
QHI,,,,,,2004-01-17T00:00:00
Kanger,32,4110,-1349.443946,-960.0373692,3,2004-01-17T00:00:00
QHI,42.35138122,9963.226519,-1525.374586,-1147.103867,2.661878453,2004-02-02T00:00:00
Kanger,41.56687898,53276.8075,-1755.38995,-1755.381458,2,2004-02-02T00:00:00
QHI,60.22222222,17502.50794,-579.3030303,-375.4357864,2.186147186,2004-02-18T00:00:00
Kanger,52.6334041,20258.91861,-603.338995,-419.6426044,2.138004246,2004-02-18T00:00:00
QHI,77.58297258,19610.41126,-745.1890332,-462.9300144,2.002886003,2004-03-05T00:00:00
Kanger,68,20168.72699,-220.327818,-136.221303,2,2004-03-05T00:00:00
QHI,89.02092352,14845.49711,-649.45671,-402.2041847,2.344155844,2004-03-21T00:00:00
Kanger,89.97311272,20352.98345,-170.4250259,-103.57394,2,2004-03-21T00:00:00
QHI,108.4184704,20493,-680.5707071,-422.2113997,2,2004-04-06T00:00:00
Kanger,102.393489,20256.06794,-363.2193914,-224.1061571,2.138004246,2004-04-06T00:00:00
QHI,124,20493,-659.7662338,-408.8023088,2,2004-04-22T00:00:00
Kanger,119.0318471,20270.88818,-195.6072187,-141.0240623,2,2004-04-22T00:00:00
QHI,133.6060606,20493.01154,-671.9025974,-420.8419913,2,2004-05-08T00:00:00
Kanger,144,2652.054494,1653.951168,3271.670205,1,2004-05-08T00:00:00
QHI,148.9906205,20494.16883,-892.007215,-598.8708514,2,2004-05-24T00:00:00
Kanger,151,3865.200991,1913.423213,3852.66242,1,2004-05-24T00:00:00
QHI,167.1890332,11064.64935,1282.377345,1433.371573,2.988455988,2004-06-09T00:00:00
Kanger,174,4229,2978.374381,5738.857042,1,2004-06-09T00:00:00
QHI,180,18264.3254,3108.020924,4742.672439,1,2004-06-25T00:00:00
Kanger,182.5612173,3640.544232,3815.043171,6184.69356,1,2004-06-25T00:00:00
QHI,205,2117.910534,4384.78355,6246.197691,0,2004-07-11T00:00:00
Kanger,195.2625619,3484.0092,3605.086341,6030.643312,1,2004-07-11T00:00:00
QHI,220,4160,4310.505051,6679.472583,0,2004-07-27T00:00:00
Kanger,218,4229,3467.452937,6618.095541,1,2004-07-27T00:00:00
QHI,234.1565657,4160.199134,3904.721501,6401.061328,0.002886003,2004-08-12T00:00:00
Kanger,231.7147912,3336.132343,3158.767162,5735.852088,0.684359519,2004-08-12T00:00:00
QHI,241,4164,3819.113997,5962.565657,0,2004-08-28T00:00:00
Kanger,247.1549894,3805.663836,2702.895966,5254.581741,0.109695683,2004-08-28T00:00:00
QHI,268.988456,4164,2639.150072,4784.57215,0,2004-09-13T00:00:00
Kanger,259,4164,2169.099788,4326.534324,0,2004-09-13T00:00:00
QHI,275.3549784,15782.329,133.5901876,89.8030303,2.215007215,2004-09-29T00:00:00
Kanger,274.363765,19752.0092,693.4394904,529.7629158,2,2004-09-29T00:00:00
QHI,290.3722944,20599.79942,-282.97114,-182.7012987,2,2004-10-15T00:00:00
Kanger,297.2760085,23092.21939,1510.428875,2643.653928,1.946921444,2004-10-15T00:00:00
QHI,306.9967186,36843.85972,-1049,-1613.010664,3,2004-10-31T00:00:00
Kanger,313.4118896,22632.84147,-1084.186837,-803.9377212,2,2004-10-31T00:00:00
QHI,,,,,,2004-11-16T00:00:00
Kanger,,,,,,2004-11-16T00:00:00
QHI,,,,,,2004-12-02T00:00:00
Kanger,,,,,,2004-12-02T00:00:00
QHI,,,,,,2004-12-18T00:00:00
Kanger,,,,,,2004-12-18T00:00:00
QHI,,,,,,2005-01-01T00:00:00
Kanger,,,,,,2005-01-01T00:00:00
QHI,,,,,,2005-01-17T00:00:00
Kanger,30.89030432,35127.21161,-679.1677282,-524.1832979,3,2005-01-17T00:00:00
QHI,38.93650794,15903.21068,-1413.462482,-1213.637085,2.401154401,2005-02-02T00:00:00
Kanger,35.98796886,7161.355272,101.9462137,63.51096957,2.813871196,2005-02-02T00:00:00
QHI,52.02886003,19985.33478,-732.5541126,-535.1659452,2.005772006,2005-02-18T00:00:00
Kanger,55.7940552,7965.385704,670.3708422,681.158528,3,2005-02-18T00:00:00
QHI,73.03463203,16887.30447,-547.3679654,-341.1890332,2.226551227,2005-03-06T00:00:00
Kanger,73.63269639,19887.14862,1356.361642,3231.462845,1,2005-03-06T00:00:00
QHI,87.55339105,15843.86364,-653.3838384,-415.474026,2.289321789,2005-03-22T00:00:00
Kanger,91.55201699,4169.408351,2037.51097,2673.674452,3,2005-03-22T00:00:00
QHI,106.8246753,16822.21356,-539.8326118,-336.3463203,2.217893218,2005-04-07T00:00:00
Kanger,104.4196745,11076.42251,633.9759377,1468.485492,2.574663836,2005-04-07T00:00:00
QHI,118.2229437,20029.02309,-814.541847,-536.1349206,2,2005-04-23T00:00:00
Kanger,121.3701345,20210.5598,-219.3135173,-135.447983,2,2005-04-23T00:00:00
QHI,135.011544,20459.72439,-745.1089466,-503.9220779,2.005772006,2005-05-09T00:00:00
Kanger,142.1776362,4006.888181,1477.364473,3768.818117,1,2005-05-09T00:00:00
QHI,145.7106782,37120.72872,-1194.795094,-1206.185426,2.40981241,2005-05-25T00:00:00
Kanger,155.3722576,4301,1597.065817,3340.268931,1,2005-05-25T00:00:00
QHI,173.6392496,4319.936508,2527.749639,3929.305195,1.354978355,2005-06-10T00:00:00
Kanger,165,3590.466384,1704.778485,3555.152866,1,2005-06-10T00:00:00
QHI,189,4160,3017.616162,4905.669553,0,2005-06-26T00:00:00
Kanger,178.7940552,3582.568294,1979.227176,3992.708422,1,2005-06-26T00:00:00
QHI,207.1890332,4160,3652.712121,6008.919192,0,2005-07-12T00:00:00
Kanger,208,4229,2733.343949,5172.558386,1,2005-07-12T00:00:00
QHI,215.7821068,4160,3997.943723,6047.406926,0,2005-07-28T00:00:00
Kanger,217,4229,2957.118896,5632.933475,1,2005-07-28T00:00:00
QHI,226,4160,3783.767677,6391.272727,0,2005-08-13T00:00:00
Kanger,226,4229,3291.292286,6027.18259,1,2005-08-13T00:00:00
QHI,244,4233,3117.478355,5563.321068,1,2005-08-29T00:00:00
Kanger,254,4164,2613.522293,5098.130219,0,2005-08-29T00:00:00
QHI,264.953824,4110.023088,1041.541847,1233.150794,3,2005-09-14T00:00:00
Kanger,259,4164,2552.35598,4809.126681,0,2005-09-14T00:00:00
QHI,279.8636364,3895.544012,-152.3492063,-99.64069264,3,2005-09-30T00:00:00
Kanger,285.9858457,19717.76716,727.9922151,643.6022647,1.951875442,2005-09-30T00:00:00
QHI,295,20498.50072,-510.2207792,-321.0353535,2,2005-10-16T00:00:00
Kanger,296.6192498,23810.38429,390.7544232,258.631281,2,2005-10-16T00:00:00
QHI,306.5324675,45715.5671,-1799.577201,-1324.981962,2.235209235,2005-11-01T00:00:00
Kanger,307.8243021,20500.1757,-233.454844,-162.9679803,2,2005-11-01T00:00:00
QHI,,,,,,2005-11-17T00:00:00
Kanger,,,,,,2005-11-17T00:00:00
QHI,,,,,,2005-12-03T00:00:00
Kanger,,,,,,2005-12-03T00:00:00
QHI,,,,,,2005-12-19T00:00:00
Kanger,,,,,,2005-12-19T00:00:00
QHI,,,,,,2006-01-01T00:00:00
Kanger,,,,,,2006-01-01T00:00:00
QHI,,,,,,2006-01-17T00:00:00
Kanger,31,20497,-1415,-1009,2,2006-01-17T00:00:00
QHI,43.55339105,20500.84271,-1229.515873,-1070.880231,3,2006-02-02T00:00:00
Kanger,46.0757315,17967.97676,-137.7289157,-90.43545611,2.133390706,2006-02-02T00:00:00
QHI,56.81673882,11734.23232,-319.0411255,-214.7922078,2.782106782,2006-02-18T00:00:00
Kanger,55.45506016,18095.60368,638.2845011,446.1245577,2.225760793,2006-02-18T00:00:00
QHI,71.01731602,20757,-577.6428571,-362.4393939,2,2006-03-06T00:00:00
Kanger,72.38924275,6451.645435,568.8195329,428.12385,2.861995754,2006-03-06T00:00:00
QHI,90.6010101,20757,-612.6810967,-381.8037518,2,2006-03-22T00:00:00
Kanger,96,20226.87969,-46.76150035,-30.4168436,2,2006-03-22T00:00:00
QHI,101,4114,-323.2150072,-199.4264069,3,2006-04-07T00:00:00
Kanger,106.3552725,20129.20099,20.91012031,14.32837933,2,2006-04-07T00:00:00
QHI,125.1067821,8568.694084,-455.1832612,-296.8059163,2.770562771,2006-04-23T00:00:00
Kanger,117.2491154,19091.43171,-140.2689314,-89.20382166,2,2006-04-23T00:00:00
QHI,138.5887446,14949.89827,-495.0909091,-428.8203463,2.338383838,2006-05-09T00:00:00
Kanger,133.9773531,4365,1555.987261,3709.554848,1,2006-05-09T00:00:00
QHI,150.6089466,11304.5404,831.459596,1004.726551,2.759018759,2006-05-25T00:00:00
Kanger,150.368719,4301,2015.658882,3955.815287,1,2006-05-25T00:00:00
QHI,171.1010101,4342.966811,1630.308802,2671.311688,3,2006-06-10T00:00:00
Kanger,176,4229,3398.010616,6010.975938,1,2006-06-10T00:00:00
QHI,189.0627706,4161.116883,3906.045455,5790.974747,0.002886003,2006-06-26T00:00:00
Kanger,186,4229,3470.886058,6446.802548,1,2006-06-26T00:00:00
QHI,194.0692641,4160,3980.388167,5924.269841,0,2006-07-12T00:00:00
Kanger,200.5633404,3946.367304,3642.251946,6421.488323,1,2006-07-12T00:00:00
QHI,221.6298701,4160,4212.282828,6594.299423,0,2006-07-28T00:00:00
Kanger,218.7933475,4229,3581.050248,7345.303609,1,2006-07-28T00:00:00
QHI,240,4232.601732,3594.862915,6184.047619,0.994227994,2006-08-13T00:00:00
Kanger,236,3847.808209,3464.668082,6059.728946,1,2006-08-13T00:00:00
QHI,256,4164,2666.284271,4941.713564,0,2006-08-29T00:00:00
Kanger,245,4229,3319.90092,5953.87615,1,2006-08-29T00:00:00
QHI,258,4164,2582.621212,4808.945887,0,2006-09-14T00:00:00
Kanger,268,4220.157113,1527.287332,4099.185421,0.813871196,2006-09-14T00:00:00
QHI,283.3398268,14146.40909,1476.37013,1883.984848,2.142857143,2006-09-30T00:00:00
Kanger,280.8903043,24095.94692,887.6326964,695.8209483,2,2006-09-30T00:00:00
QHI,290.1659452,17753.89899,-94.36507937,-81.05627706,2.183261183,2006-10-16T00:00:00
Kanger,292.4104742,4071.539986,1207,1306.754423,3,2006-10-16T00:00:00
QHI,305.5988456,25117.54978,-1260.280664,-986.4184704,3,2006-11-01T00:00:00
Kanger,312.1592357,48100.28379,-9.562632696,713.4953999,1.684359519,2006-11-01T00:00:00
QHI,,,,,,2006-11-17T00:00:00
Kanger,,,,,,2006-11-17T00:00:00
QHI,,,,,,2006-12-03T00:00:00
Kanger,,,,,,2006-12-03T00:00:00
QHI,,,,,,2006-12-19T00:00:00
Kanger,,,,,,2006-12-19T00:00:00
QHI,,,,,,2007-01-01T00:00:00
Kanger,,,,,,2007-01-01T00:00:00
QHI,,,,,,2007-01-17T00:00:00
Kanger,31.64472753,12843.13022,-1299.036801,-1006.63765,2.822363765,2007-01-17T00:00:00
QHI,46.28932179,15770.70346,-1249.204906,-911.1341991,2.289321789,2007-02-02T00:00:00
Kanger,46.82873319,21781.6603,494.9101203,329.8506723,2.425336164,2007-02-02T00:00:00
QHI,58.88095238,18026.82035,-644.6428571,-441.9069264,2.123376623,2007-02-18T00:00:00
Kanger,63.09341826,19064.24982,156.3142251,108.7707006,2.048124558,2007-02-18T00:00:00
QHI,71.49278499,20497,-603.1536797,-380.7164502,2,2007-03-06T00:00:00
Kanger,72.58103326,20118.62491,199.1026185,125.2781316,2,2007-03-06T00:00:00
QHI,88.1038961,20125.51659,-595.5497835,-372.2135642,2,2007-03-22T00:00:00
Kanger,93.1861288,41353.5959,-276.3757962,-188.5859873,2.813871196,2007-03-22T00:00:00
QHI,110,20753,-510.0670996,-316.3874459,2,2007-04-07T00:00:00
Kanger,99.07077141,20495.8167,-31.73956122,-19.52866242,2,2007-04-07T00:00:00
QHI,123.8614719,20481.17893,-538.7922078,-333.0526696,2,2007-04-23T00:00:00
Kanger,114.8506723,18953.28025,-224.6072187,-152.7374381,2,2007-04-23T00:00:00
QHI,136.01443,16971.95094,-614.8109668,-378.4574315,2.215007215,2007-05-09T00:00:00
Kanger,134.084218,3993.691437,1779.417551,2562.117481,3,2007-05-09T00:00:00
QHI,152.9098124,13475.66089,-379.6565657,-336.2489177,2.401154401,2007-05-25T00:00:00
Kanger,157,3946.367304,1938.636235,3701.544232,1,2007-05-25T00:00:00
QHI,170.3679654,4262.713564,2490.848485,3486.333333,1.875901876,2007-06-10T00:00:00
Kanger,163.5357396,4229,2444.155697,4117.56971,1,2007-06-10T00:00:00
QHI,184.4473304,4175.034632,3401.038961,5485.920635,0.217893218,2007-06-26T00:00:00
Kanger,191,2344.225761,4153.530786,6384.501769,0.109695683,2007-06-26T00:00:00
QHI,193,4160,4100.999278,6461.397547,0,2007-07-12T00:00:00
Kanger,193,3560.789101,4321.965322,6591.613588,0.684359519,2007-07-12T00:00:00
QHI,211,4160,4597.640693,7007.89899,0,2007-07-28T00:00:00
Kanger,222.6631281,2344.225761,4201.121727,6612.016277,0.109695683,2007-07-28T00:00:00
QHI,236,2957.310967,3885.321789,6293.399711,0.344155844,2007-08-13T00:00:00
Kanger,239,4167.569002,3554.13942,6080.500354,0.109695683,2007-08-13T00:00:00
QHI,245,2377.188312,3215.989899,5393.186147,0.123376623,2007-08-29T00:00:00
Kanger,249.1047417,4171.569002,3054.7615,5453.627742,0.109695683,2007-08-29T00:00:00
QHI,260,4164,2447.256854,5043.756133,0,2007-09-14T00:00:00
Kanger,257,3332.56334,2678.71196,4602.714791,0.574663836,2007-09-14T00:00:00
QHI,273,20698.84704,156.4170274,107.8513709,2,2007-09-30T00:00:00
Kanger,281.8082095,20398.44091,453.7891012,318.158528,2,2007-09-30T00:00:00
QHI,294.1132756,18507.30519,-581.9487734,-395.9321789,2.123376623,2007-10-16T00:00:00
Kanger,294.7430998,20497,31.60651097,16.01203114,2,2007-10-16T00:00:00
QHI,305,4511.313131,-1509.342713,-1098.349928,2.997113997,2007-11-01T00:00:00
Kanger,306.9469214,25594.54777,-536.0424628,-389.3871196,2.636234961,2007-11-01T00:00:00
QHI,,,,,,2007-11-17T00:00:00
Kanger,,,,,,2007-11-17T00:00:00
QHI,,,,,,2007-12-03T00:00:00
Kanger,,,,,,2007-12-03T00:00:00
QHI,,,,,,2007-12-19T00:00:00
Kanger,,,,,,2007-12-19T00:00:00
QHI,,,,,,2008-01-01T00:00:00
Kanger,,,,,,2008-01-01T00:00:00
QHI,,,,,,2008-01-17T00:00:00
Kanger,30,20498,-1019,-773,3,2008-01-17T00:00:00
QHI,40.87445887,12589.29437,-949.5367965,-630.6955267,2.40981241,2008-02-02T00:00:00
Kanger,44.74522293,19058.10403,-128.7416844,-87.24486907,2,2008-02-02T00:00:00
QHI,58.96248196,20497.77345,-1110.572872,-821.2987013,2,2008-02-18T00:00:00
Kanger,57.00946644,20497,-47.39070568,-28.84165232,2,2008-02-18T00:00:00
QHI,73.53463203,46425.08874,-749.8614719,-503.5526696,2.062770563,2008-03-05T00:00:00
Kanger,73.43678161,20074.95731,-189.5747126,-114.8735632,2,2008-03-05T00:00:00
QHI,91,20497,-580.8477633,-362.2525253,2,2008-03-21T00:00:00
Kanger,88.36871904,6471.543524,-143.3163482,-99.47275301,2.842179759,2008-03-21T00:00:00
QHI,111.8225108,20493,-472.455267,-298.3354978,2,2008-04-06T00:00:00
Kanger,102.1380042,19910.24558,433.6100495,316.4317056,2,2008-04-06T00:00:00
QHI,128,8079.354978,-307.8737374,-189.8679654,2.773448773,2008-04-22T00:00:00
Kanger,128,4365,1534.278839,3640.063694,1,2008-04-22T00:00:00
QHI,140.8593074,13458.2114,-973.4408369,-642.4047619,2.429292929,2008-05-08T00:00:00
Kanger,133.433121,5202.390658,2425.056617,3682.707714,2.903750885,2008-05-08T00:00:00
QHI,156.2474747,4551.92785,756.452381,1245.198413,3,2008-05-24T00:00:00
Kanger,155,2181,2033.041755,3630.86695,1,2008-05-24T00:00:00
QHI,171.952381,4261.36075,3026.734488,4478.515152,1.209235209,2008-06-09T00:00:00
Kanger,176,4229,3291.762916,5804.794763,1,2008-06-09T00:00:00
QHI,182.8636364,4160,4021.416306,6022.192641,0,2008-06-25T00:00:00
Kanger,185,4229,3569.581741,6036.278132,1,2008-06-25T00:00:00
QHI,207,4160,4634.188312,7031.395382,0,2008-07-11T00:00:00
Kanger,201,4229,3673.956122,6170.395612,1,2008-07-11T00:00:00
QHI,212,4160,4676.455988,7313.65873,0,2008-07-27T00:00:00
Kanger,222.4642604,2344.225761,3406.423921,5669.946921,0.109695683,2008-07-27T00:00:00
QHI,240,4233.023088,3165.11544,5477.249639,1,2008-08-12T00:00:00
Kanger,230,4229,3268.273885,5389.530078,1,2008-08-12T00:00:00
QHI,241,4352.243867,3304,5299.694805,1,2008-08-28T00:00:00
Kanger,244,3946.367304,2681.951168,4515.868365,1,2008-08-28T00:00:00
QHI,261.0598846,4470.545455,2837.200577,4953.189033,1.063492063,2008-09-13T00:00:00
Kanger,260,4371.298655,2192.06511,3631.377919,1,2008-09-13T00:00:00
QHI,282,20757,-121.6219336,-79.3975469,2,2008-09-29T00:00:00
Kanger,282.7232838,11668.78769,815.2540694,900.9575372,2.526539278,2008-09-29T00:00:00
QHI,293.2373737,10844.84848,-461.0981241,-324.5151515,3,2008-10-15T00:00:00
Kanger,301.1811748,12021.27813,130.4373673,307.6808209,3,2008-10-15T00:00:00
QHI,305,4110,-1012.145743,-753.7806638,3,2008-10-31T00:00:00
Kanger,311.9469214,30219.67516,-419.4161359,-338.0226469,2.048124558,2008-10-31T00:00:00
QHI,,,,,,2008-11-16T00:00:00
Kanger,,,,,,2008-11-16T00:00:00
QHI,,51199,,,,2008-12-02T00:00:00
Kanger,,,,,,2008-12-02T00:00:00
QHI,,,,,,2008-12-18T00:00:00
Kanger,,,,,,2008-12-18T00:00:00
QHI,,,,,,2009-01-01T00:00:00
Kanger,,,,,,2009-01-01T00:00:00
QHI,,,,,,2009-01-17T00:00:00
Kanger,32,25669.71621,-514.3559802,-344.517339,2,2009-01-17T00:00:00
QHI,45.82034632,6316.549062,-846.2633478,-552.962482,2.876623377,2009-02-02T00:00:00
Kanger,46.88322718,17083.30078,354.6355272,240.6716207,2.186128804,2009-02-02T00:00:00
QHI,55.12049062,18877.11183,-729.9891775,-471.8708514,2.12049062,2009-02-18T00:00:00
Kanger,50.37225761,20214.3673,136.3227176,89.82377919,2,2009-02-18T00:00:00
QHI,76,20757,-714.7784993,-462.5822511,2,2009-03-06T00:00:00
Kanger,70.492569,20217.62279,154.1380042,99.42108988,2,2009-03-06T00:00:00
QHI,86.55844156,2927.463203,-767.7229437,-520.5634921,3,2009-03-22T00:00:00
Kanger,88.16914367,20499.54494,-19.09766454,-11.32130219,2,2009-03-22T00:00:00
QHI,107.004329,20647.21068,-657.0598846,-410.5887446,2.002886003,2009-04-07T00:00:00
Kanger,103.0007077,19991.78485,100.985138,80.47699929,2.138004246,2009-04-07T00:00:00
QHI,115.7518038,20493.02309,-840.8362193,-533.7503608,2,2009-04-23T00:00:00
Kanger,114.6758669,47168.44232,-427.581741,-560.3573956,2,2009-04-23T00:00:00
QHI,138.6017316,35082.09091,-842.2388167,-564.7842713,2,2009-05-09T00:00:00
Kanger,135.7876858,4537.765747,1841.574664,2889.481953,2.723991507,2009-05-09T00:00:00
QHI,149.046176,16783.70274,-621.1168831,-467.9307359,2.226551227,2009-05-25T00:00:00
Kanger,150.552017,4337.778485,1723.212314,3125.418967,1,2009-05-25T00:00:00
QHI,171.0670996,4810.253968,1523.537518,1972.542569,3,2009-06-10T00:00:00
Kanger,162,4229,2044.335456,3687.81741,1,2009-06-10T00:00:00
QHI,185,4160,2867.295815,4284.630592,0,2009-06-26T00:00:00
Kanger,189,4229,3202.975938,5327.399151,1,2009-06-26T00:00:00
QHI,193.6969697,4176.959596,3642.204906,5412.304473,0.232323232,2009-07-12T00:00:00
Kanger,202.670913,3357.911536,3566.927813,5894.07431,1,2009-07-12T00:00:00
QHI,221.021645,4281.658009,4724.929293,7339.963925,1,2009-07-28T00:00:00
Kanger,219,4229,3439.338995,5881.498231,1,2009-07-28T00:00:00
QHI,232,4191.064935,4164.792208,6430.743146,0.45021645,2009-08-13T00:00:00
Kanger,235,4229,2887.969568,5145.15782,1,2009-08-13T00:00:00
QHI,247.3831169,4232.601732,2926.948773,5037.134921,0.994227994,2009-08-29T00:00:00
Kanger,251,3940.845011,2440.376504,4230.100495,0.861995754,2009-08-29T00:00:00
QHI,259,4164,2696.497835,4720.577922,0,2009-09-14T00:00:00
Kanger,269.7466384,30938.68648,609.7289455,590.9957537,2.157820241,2009-09-14T00:00:00
QHI,284,20497,-646.488456,-421.2922078,2,2009-09-30T00:00:00
Kanger,281.1111111,23093.21161,155.3559802,101.670913,2.177636235,2009-09-30T00:00:00
QHI,295.488456,25593.51876,-1500.645743,-1422.590909,2.123376623,2009-10-16T00:00:00
Kanger,295.2137297,17955.19038,128.6631281,66.92498231,2.138004246,2009-10-16T00:00:00
QHI,306.2294372,4215.131313,-1674.865801,-1255.518038,3,2009-11-01T00:00:00
Kanger,313.5780765,20497,-1541.732161,-1114.968976,2,2009-11-01T00:00:00
QHI,,,,,,2009-11-17T00:00:00
Kanger,,,,,,2009-11-17T00:00:00
QHI,,,,,,2009-12-03T00:00:00
Kanger,,,,,,2009-12-03T00:00:00
QHI,,,,,,2009-12-19T00:00:00
Kanger,,,,,,2009-12-19T00:00:00
QHI,,,,,,2010-01-01T00:00:00
Kanger,,,,,,2010-01-01T00:00:00
QHI,,,,,,2010-01-17T00:00:00
Kanger,32,4110,-593.6985138,-858.1571125,3,2010-01-17T00:00:00
QHI,42.74242424,22048.73665,-1579.482732,-1258.761183,2.771297007,2010-02-02T00:00:00
Kanger,43.05307856,37754.85138,-25.21514508,-21.97310686,2,2010-02-02T00:00:00
QHI,57.54906205,7331.499278,-792.7207792,-563.4177489,2.782106782,2010-02-18T00:00:00
Kanger,53.80325548,19809.98514,63.15852795,37.90870488,2,2010-02-18T00:00:00
QHI,68.80952381,14951.90404,-814.6031746,-508.995671,2.338383838,2010-03-06T00:00:00
Kanger,69,20497,-205.1921182,-129.7479475,2,2010-03-06T00:00:00
QHI,82.87445887,20449.70707,-772.9531025,-485.2041847,2.002886003,2010-03-22T00:00:00
Kanger,89.94409059,20216.91224,-81.1358811,-53.5428167,2,2010-03-22T00:00:00
QHI,102.8946609,20497,-586.8030303,-366.038961,2,2010-04-07T00:00:00
Kanger,106.6447275,20493.55202,-68.40976645,-52.9094126,2,2010-04-07T00:00:00
QHI,127,20493,-848.1125541,-531.3210678,2,2010-04-23T00:00:00
Kanger,117.9171975,3744.745931,256.1408351,251.1160651,3,2010-04-23T00:00:00
QHI,142.9365079,20493.48196,-793.1341991,-503.9963925,2,2010-05-09T00:00:00
Kanger,138.5859873,5203.721868,1921.870488,3233.852795,2.723991507,2010-05-09T00:00:00
QHI,147.5930736,16207.21789,-688.988456,-483.5699856,2.215007215,2010-05-25T00:00:00
Kanger,151,3847.808209,2045.523001,3781.500354,1,2010-05-25T00:00:00
QHI,171.7561328,11647.63059,2534.510101,3813.94228,2.116883117,2010-06-10T00:00:00
Kanger,167,4229,2630.533616,4537.314225,1,2010-06-10T00:00:00
QHI,184.1688312,4233,3740.932179,5555.106061,1,2010-06-26T00:00:00
Kanger,187,3946.367304,3038.679406,5081.749469,1,2010-06-26T00:00:00
QHI,205.8679654,4164.530303,4671.74531,6806.647186,0.065656566,2010-07-12T00:00:00
Kanger,203.5612173,3602.739561,2938.189667,5265.829441,0.704175513,2010-07-12T00:00:00
QHI,212,4160,4748.821068,7113.082251,0,2010-07-28T00:00:00
Kanger,221.4550602,3484.0092,2840.443029,5537.996461,1,2010-07-28T00:00:00
QHI,228,4160,4384.353535,6920.830447,0,2010-08-13T00:00:00
Kanger,231,4229,2848.123142,5251.804671,1,2010-08-13T00:00:00
QHI,250,4164,2960.953824,5464.135642,0,2010-08-29T00:00:00
Kanger,243,3877.367304,2415.907289,4783.510262,0,2010-08-29T00:00:00
QHI,258.5036075,8383.761183,2526.347042,4618.250361,1.246753247,2010-09-14T00:00:00
Kanger,261,3869.200991,2141.893135,4113.791932,1,2010-09-14T00:00:00
QHI,286,28371.62626,-1154.468254,-1020.102453,2,2010-09-30T00:00:00
Kanger,278.3665959,13642.14933,1270.499646,2745.118188,1.247699929,2010-09-30T00:00:00
QHI,294.3694084,10883.3189,-929.7619048,-681.8008658,2.604617605,2010-10-16T00:00:00
Kanger,296.8181175,10829.3029,1392.645435,2187.291578,1.177636235,2010-10-16T00:00:00
QHI,305.8737374,10066.50866,-1153.847042,-842.3982684,2.87950938,2010-11-01T00:00:00
Kanger,309.1082803,15428.69073,100.5329087,64.11394197,2.636234961,2010-11-01T00:00:00
QHI,,,,,,2010-11-17T00:00:00
Kanger,,,,,,2010-11-17T00:00:00
QHI,,,,,,2010-12-03T00:00:00
Kanger,,,,,,2010-12-03T00:00:00
QHI,,,,,,2010-12-19T00:00:00
Kanger,,,,,,2010-12-19T00:00:00
QHI,,,,,,2011-01-01T00:00:00
Kanger,,,,,,2011-01-01T00:00:00
QHI,,,,,,2011-01-17T00:00:00
Kanger,31.86199575,36818.4218,765.9589526,545.8598726,3,2011-01-17T00:00:00
QHI,42.92929293,7855.549784,-1161.760462,-787.3217893,3,2011-02-02T00:00:00
Kanger,44.93924466,15494.90722,121.3505747,73.90229885,2.206075534,2011-02-02T00:00:00
QHI,61.61327561,20497,-637.2835498,-408.6060606,2,2011-02-18T00:00:00
Kanger,59.17197452,20640.1104,-206.895966,-126.5760793,2.138004246,2011-02-18T00:00:00
QHI,75.99298246,20367.65965,-740.3701754,-454.0122807,2.007017544,2011-03-06T00:00:00
Kanger,70.6433121,20274.4494,103.980184,63.00778485,2,2011-03-06T00:00:00
QHI,83.38528139,20497.02309,-735.6572872,-457.5974026,2,2011-03-22T00:00:00
Kanger,93.97310686,19344.58386,-208.8287332,-128.8931352,2.048124558,2011-03-22T00:00:00
QHI,105.9401154,20401.03752,-684.2770563,-424.8542569,2.005772006,2011-04-07T00:00:00
Kanger,103.4522293,19416.10262,-194.2229299,-128.6475584,2,2011-04-07T00:00:00
QHI,123.1587302,20493,-687.7835498,-427.998557,2,2011-04-23T00:00:00
Kanger,120.0176929,20210.3673,-233.6418967,-160.8046709,2,2011-04-23T00:00:00
QHI,136.0122655,20495.64646,-782.4632035,-558.031746,2,2011-05-09T00:00:00
Kanger,143.5265393,4246.687898,1078.138712,1762.033263,3,2011-05-09T00:00:00
QHI,154.2604618,4625.004329,1581.368687,2151.585859,3,2011-05-25T00:00:00
Kanger,156,4478.754423,1491.160651,3135.269639,1.219391366,2011-05-25T00:00:00
QHI,174.1002886,4108.626263,2386.371573,3112.950938,3,2011-06-10T00:00:00
Kanger,170.8520878,2405.656759,2189.602265,4024.098372,1,2011-06-10T00:00:00
QHI,186,4160.906205,3492.766234,5228.2114,0.226551227,2011-06-26T00:00:00
Kanger,183.4515216,2181,2359.997169,4179.60368,1,2011-06-26T00:00:00
QHI,201,4160,4468.00938,6339.961039,0,2011-07-12T00:00:00
Kanger,193,4229,2526.290163,4771.858457,1,2011-07-12T00:00:00
QHI,217,4160,4760.641414,6911.632035,0,2011-07-28T00:00:00
Kanger,212.5782024,3582.568294,3266.295824,5740.359519,1,2011-07-28T00:00:00
QHI,235.5064935,29493.71934,4273.750361,6812.954545,1,2011-08-13T00:00:00
Kanger,225,4229,3200.38075,5695.109696,1,2011-08-13T00:00:00
QHI,248.2929293,4164,3439.622655,5613.541126,0,2011-08-29T00:00:00
Kanger,246,4229,2337.927813,5133.491154,1,2011-08-29T00:00:00
QHI,271.9430014,4110,2713.069264,3747.556999,3,2011-09-14T00:00:00
Kanger,259,4233,2222.007077,4144.05874,1,2011-09-14T00:00:00
QHI,273,4231.873016,2310.829004,3496.782107,3,2011-09-30T00:00:00
Kanger,279.6857749,47032.3121,116.1507431,80.23708422,2,2011-09-30T00:00:00
QHI,298.7373737,7329.988456,-579.2265512,-392.0591631,3,2011-10-16T00:00:00
Kanger,296.6571429,11367.1,-296.4142857,-199.7714286,2.557142857,2011-10-16T00:00:00
QHI,305,16954.68687,-704.4415584,-444.3232323,3,2011-11-01T00:00:00
Kanger,309.8407643,19747.11465,-587.3849965,-389.0934183,2.574663836,2011-11-01T00:00:00
QHI,,,,,,2011-11-17T00:00:00
Kanger,,,,,,2011-11-17T00:00:00
QHI,,,,,,2011-12-03T00:00:00
Kanger,,,,,,2011-12-03T00:00:00
QHI,,,,,,2011-12-19T00:00:00
Kanger,,,,,,2011-12-19T00:00:00
QHI,,,,,,2012-01-01T00:00:00
Kanger,,,,,,2012-01-01T00:00:00
QHI,,,,,,2012-01-17T00:00:00
Kanger,30.69506726,30571.45291,-1126.524664,-1040.650224,2.695067265,2012-01-17T00:00:00
QHI,40.6969697,16879.86724,-747.4588745,-512.7893218,2.997113997,2012-02-02T00:00:00
Kanger,39.64543524,15720.09625,-409.9278132,-310.87615,2.225760793,2012-02-02T00:00:00
QHI,58.73881674,3681.494949,-563.2503608,-375.7914863,2.997113997,2012-02-18T00:00:00
Kanger,58.99858457,20582.64968,-38.66808209,-24.60934183,2.177636235,2012-02-18T00:00:00
QHI,65.93001443,18443.98629,-274.021645,-175.7388167,2.126262626,2012-03-05T00:00:00
Kanger,68.65286924,19882.40734,-173.9285042,-106.0865475,2,2012-03-05T00:00:00
QHI,89.25829726,4205.295815,-320.3015873,-195.9906205,2.994227994,2012-03-21T00:00:00
Kanger,87.52937013,20291.6419,-310.3106865,-213.905874,2.425336164,2012-03-21T00:00:00
QHI,108.7460317,20447.45887,-320.8318903,-204.5548341,2.002886003,2012-04-06T00:00:00
Kanger,102.7891012,20493.63128,154.2377919,137.0134466,2,2012-04-06T00:00:00
QHI,120.034632,4411.041847,-288.4386724,-185.995671,2.997113997,2012-04-22T00:00:00
Kanger,122.636235,20495.54494,256.104034,213.3411182,2,2012-04-22T00:00:00
QHI,133,20494.09957,-411.1847042,-260.958153,2,2012-05-08T00:00:00
Kanger,139,4365,1428.007785,3541.225761,1,2012-05-08T00:00:00
QHI,152.5793651,4327.593074,1750.753968,2129.361472,3,2012-05-24T00:00:00
Kanger,155.0530786,4301,2380.963907,4520.787686,1,2012-05-24T00:00:00
QHI,173.4357864,4244.688312,2958.183261,4743.463925,1,2012-06-09T00:00:00
Kanger,165.2434536,4229,2774.726822,5267.725407,1,2012-06-09T00:00:00
QHI,188,4160,4466.354978,6246.399711,0,2012-06-25T00:00:00
Kanger,187,4229,3752.613588,6889.208068,1,2012-06-25T00:00:00
QHI,194.4213564,4160,4648.779942,6734.206349,0,2012-07-11T00:00:00
Kanger,205,2405.656759,4004.820948,6802.766454,1,2012-07-11T00:00:00
QHI,212.5699856,4160,4877.325397,7216.04329,0,2012-07-27T00:00:00
Kanger,212,4229,3931.854919,6986.957537,1,2012-07-27T00:00:00
QHI,231,4148.178932,4535.656566,6736.07215,0,2012-08-12T00:00:00
Kanger,228,4229,3671.899505,6862.081387,1,2012-08-12T00:00:00
QHI,250,4164,3008.073593,5373.699134,0,2012-08-28T00:00:00
Kanger,251.7933475,2347.786978,2498.121727,4767.91649,0.109695683,2012-08-28T00:00:00
QHI,264,4164,2752.03824,4989.870851,0,2012-09-13T00:00:00
Kanger,267,4233,1974.364473,4312.558386,1,2012-09-13T00:00:00
QHI,277,4164,2689.319625,4707.400433,0,2012-09-29T00:00:00
Kanger,273,4233,1873.658174,4031.359519,1,2012-09-29T00:00:00
QHI,299.5714286,4113.518038,-559.9935065,-450.4155844,3,2012-10-15T00:00:00
Kanger,294.7473461,18449.26256,968.5640481,832.4571833,2.109695683,2012-10-15T00:00:00
QHI,306.005772,4404.18759,-469.8189033,-298.5238095,3,2012-10-31T00:00:00
Kanger,312,4114,-936,-605,3,2012-10-31T00:00:00
QHI,,,,,,2012-11-16T00:00:00
Kanger,,,,,,2012-11-16T00:00:00
QHI,,,,,,2012-12-02T00:00:00
Kanger,,,,,,2012-12-02T00:00:00
QHI,,,,,,2012-12-18T00:00:00
Kanger,,,,,,2012-12-18T00:00:00
QHI,,,,,,2013-01-01T00:00:00
Kanger,,,,,,2013-01-01T00:00:00
QHI,,,,,,2013-01-17T00:00:00
Kanger,29.72753008,36886,-671.5994338,-665.6532201,3,2013-01-17T00:00:00
QHI,45.61327561,4156.909091,-651.7965368,-412.7366522,3,2013-02-02T00:00:00
Kanger,46.79334749,3239.350318,-104.4741684,-81.98938429,3,2013-02-02T00:00:00
QHI,60.54992764,15767.91896,-532.2489146,-371.695369,2.215629522,2013-02-18T00:00:00
Kanger,60.29582449,19891.15145,158.5484784,119.6553432,2,2013-02-18T00:00:00
QHI,75.02958153,16072.57937,-283.3881674,-175.6089466,2.272005772,2013-03-06T00:00:00
Kanger,72.16277424,19084.11394,285.1889597,190.1988677,2,2013-03-06T00:00:00
QHI,85.40620491,19959.43867,-481.1233766,-299.3116883,2,2013-03-22T00:00:00
Kanger,95,35221,1216.655343,2383.293701,1,2013-03-22T00:00:00
QHI,103.005772,20496.97691,-379.4747475,-239.6125541,2,2013-04-07T00:00:00
Kanger,103.1380042,4278.531493,1635.397028,3568.469214,2.149327672,2013-04-07T00:00:00
QHI,124.8686869,18729.75325,-441.1630592,-272.0606061,2,2013-04-23T00:00:00
Kanger,120.601557,20493,238.9674452,188.009908,2,2013-04-23T00:00:00
QHI,137.3600289,19266.56421,-487.2316017,-307.541847,2,2013-05-09T00:00:00
Kanger,133.9518754,4113.615004,218.9879689,331.5300778,3,2013-05-09T00:00:00
QHI,146.2568543,17493.39394,-174.8441558,-126.7662338,2.183261183,2013-05-25T00:00:00
Kanger,159.5265393,9473.716207,1434.231423,3130.685067,1,2013-05-25T00:00:00
QHI,167.8239538,16968.24747,1317.46176,2287.886724,2.329004329,2013-06-10T00:00:00
Kanger,169.358811,3628.377212,2224.021231,3787.283793,1,2013-06-10T00:00:00
QHI,187,4160,3729.53824,5850.904762,0,2013-06-26T00:00:00
Kanger,182,3259.352442,2870.590941,4915.874735,1,2013-06-26T00:00:00
QHI,195,2805.010101,4191.66811,6199.379509,0,2013-07-12T00:00:00
Kanger,200,3484.0092,3092.953999,5595.291578,1,2013-07-12T00:00:00
QHI,213,3696.023088,5146.503608,7174.026696,0,2013-07-28T00:00:00
Kanger,223,2504.215853,3909.759377,6169.886058,1,2013-07-28T00:00:00
QHI,239,4160,4327.272006,6929.035354,0,2013-08-13T00:00:00
Kanger,239,4229,3696.830856,5511.241331,1,2013-08-13T00:00:00
QHI,254,4164,2990.570707,5393.046898,0,2013-08-29T00:00:00
Kanger,246.2554848,3952.878273,3328.983015,4863.160651,1,2013-08-29T00:00:00
QHI,257,3700.023088,2827.42785,5198.758297,0,2013-09-14T00:00:00
Kanger,262.2335456,4233,2208.605803,4124.611465,1,2013-09-14T00:00:00
QHI,280.2438672,20380.26696,-79.15440115,-52.86724387,2,2013-09-30T00:00:00
Kanger,282.8733192,3651.561217,1976.450814,3212.450814,2.425336164,2013-09-30T00:00:00
QHI,295.8051948,8068.847042,-537.54329,-467.9660895,2.770562771,2013-10-16T00:00:00
Kanger,302.6631281,21578.98443,993.8471338,757.5230007,2.048124558,2013-10-16T00:00:00
QHI,306.5096154,20630.5,-865.1987179,-534.7467949,3,2013-11-01T00:00:00
Kanger,313.5230007,34422.12597,757.5937721,521.0898797,2.186128804,2013-11-01T00:00:00
QHI,,,,,,2013-11-17T00:00:00
Kanger,,,,,,2013-11-17T00:00:00
QHI,,,,,,2013-12-03T00:00:00
Kanger,,,,,,2013-12-03T00:00:00
QHI,,,,,,2013-12-19T00:00:00
Kanger,,,,,,2013-12-19T00:00:00
QHI,,,,,,2014-01-01T00:00:00
Kanger,,,,,,2014-01-01T00:00:00
QHI,,,,,,2014-01-17T00:00:00
Kanger,30.21939137,3277.252654,1117.550602,773.8053786,3,2014-01-17T00:00:00
QHI,39.06060606,14737.05195,-1452.560606,-938.2323232,2.784992785,2014-02-02T00:00:00
Kanger,36.95541401,50796.15004,-364.5145081,-425.3099788,2.157820241,2014-02-02T00:00:00
QHI,54.74025974,19142.0101,-650.0858586,-407.9076479,2,2014-02-18T00:00:00
Kanger,62.53149328,3174.271762,732.7876858,567.8492569,2.951875442,2014-02-18T00:00:00
QHI,67.43939394,20033.02309,-686.0880231,-423.8203463,2,2014-03-06T00:00:00
Kanger,73.30502477,19989.71054,167.4493984,106.960368,2,2014-03-06T00:00:00
QHI,93.55844156,20497,-696.4321789,-432.9379509,2,2014-03-22T00:00:00
Kanger,83.71054494,19320.08846,171.9447983,115.7395612,2,2014-03-22T00:00:00
QHI,104.1471861,20496.12843,-682.479798,-426.497114,2,2014-04-07T00:00:00
Kanger,109.7742392,20210.3673,7.281670205,4.109695683,2,2014-04-07T00:00:00
QHI,122.8282828,20493,-591.2287157,-404.546176,2,2014-04-23T00:00:00
Kanger,114,20493,9.136588818,5.871196037,2,2014-04-23T00:00:00
QHI,132.5382395,17587.13131,-154.3311688,-123.5497835,2.177489177,2014-05-09T00:00:00
Kanger,142,4365,1426.725407,3366.993631,1,2014-05-09T00:00:00
QHI,149.1933622,11453.04473,506.1796537,540.3708514,3,2014-05-25T00:00:00
Kanger,153,2441,1443.521585,2837.065817,1,2014-05-25T00:00:00
QHI,175.5923521,15882.81025,2737.357864,3954.358586,2.311688312,2014-06-10T00:00:00
Kanger,171,4229,2786.932767,4917.774947,1,2014-06-10T00:00:00
QHI,191,4160,4267.189755,6199.52381,0,2014-06-26T00:00:00
Kanger,183.433121,2213.879689,3186.530786,5454.784147,0.048124558,2014-06-26T00:00:00
QHI,198,4160,4404.34632,6680.126984,0,2014-07-12T00:00:00
Kanger,194,3484.0092,3328.005662,5733.452937,1,2014-07-12T00:00:00
QHI,221.2467532,2364.675325,4364.472583,6446.961039,0,2014-07-28T00:00:00
Kanger,217,4229,3406.716914,5979.678698,1,2014-07-28T00:00:00
QHI,239,4209.036797,3330.280664,5746.791486,0.710678211,2014-08-13T00:00:00
Kanger,238,4229,2991.416136,5764.012031,1,2014-08-13T00:00:00
QHI,244,3700.023088,3012.984127,5193.84632,0,2014-08-29T00:00:00
Kanger,246,4233,2857.357396,4838.975938,1,2014-08-29T00:00:00
QHI,269.5541126,4337.792929,2322.139971,3484.277778,1.240981241,2014-09-14T00:00:00
Kanger,265.7579618,11052.53008,1675.620665,2584.065817,1.425336164,2014-09-14T00:00:00
QHI,273,4367.816739,2573.660895,4547.98557,0.994227994,2014-09-30T00:00:00
Kanger,280.6900212,46748.84926,121.0438783,80.66878981,2.138004246,2014-09-30T00:00:00
QHI,296,4905.313131,69.2027417,94.33261183,3,2014-10-16T00:00:00
Kanger,300.4203822,13528.27884,361.2972399,366.2590234,2.425336164,2014-10-16T00:00:00
QHI,306.994228,20607.31457,-1976.716129,-1451.550505,2.025806452,2014-11-01T00:00:00
Kanger,309.2406228,3463.760793,-573.1840057,-393.1549894,3,2014-11-01T00:00:00
QHI,,,,,,2014-11-17T00:00:00
Kanger,,,,,,2014-11-17T00:00:00
QHI,,,,,,2014-12-03T00:00:00
Kanger,,,,,,2014-12-03T00:00:00
QHI,,,,,,2014-12-19T00:00:00
Kanger,,,,,,2014-12-19T00:00:00
QHI,,,,,,2015-01-01T00:00:00
Kanger,,,,,,2015-01-01T00:00:00
QHI,,,,,,2015-01-17T00:00:00
Kanger,31.89030432,6024.34678,-1191.233546,-922.8060863,3,2015-01-17T00:00:00
QHI,44.43145743,18640.98268,-933.9196634,-655.5526696,2.240244836,2015-02-02T00:00:00
Kanger,39.48973815,7526.909413,195.2285916,132.965322,2.774239207,2015-02-02T00:00:00
QHI,63.32034632,20497,-721.5620491,-464.9545455,2,2015-02-18T00:00:00
Kanger,54.58598726,20215.51663,233.7537155,143.7770701,2,2015-02-18T00:00:00
QHI,70.02886003,20500.98846,-587.5800866,-364.1378066,2,2015-03-06T00:00:00
Kanger,67.47208539,20497.61084,-210.5172414,-134.8284072,2.610837438,2015-03-06T00:00:00
QHI,92.83189033,20497,-617.7157287,-387.4307359,2,2015-03-22T00:00:00
Kanger,91.38782732,20214.3673,35.21868365,21.93135173,2,2015-03-22T00:00:00
QHI,107.2626263,20496.77201,-679.4119769,-424.4018759,2,2015-04-07T00:00:00
Kanger,101.3566879,18879.40481,-17.96673744,-12.38853503,2.813871196,2015-04-07T00:00:00
QHI,123.4531025,20481.17893,-692.6861472,-441.8304473,2,2015-04-23T00:00:00
Kanger,114.5314933,20210.80609,-109.6234961,-70.32271762,2,2015-04-23T00:00:00
QHI,136.959596,17620.75541,546.520202,653.2821068,2.725108225,2015-05-09T00:00:00
Kanger,141.1252654,5664.721161,1148.312102,1717.08351,2.890304317,2015-05-09T00:00:00
QHI,159.1818182,5279.994228,1584.089466,2748.980519,2.988455988,2015-05-25T00:00:00
Kanger,153.2016985,4840.571125,1759.519462,3435.579618,2.64472753,2015-05-25T00:00:00
QHI,172,4229,3439.426407,5427.941558,1,2015-06-10T00:00:00
Kanger,174.2986553,3357.911536,2482.519462,4497.038217,1,2015-06-10T00:00:00
QHI,187,4160,4123.712121,6416.02381,0,2015-06-26T00:00:00
Kanger,180.6751592,2181,2987.980184,5304.552725,1,2015-06-26T00:00:00
QHI,194,4229,4121.150794,6735.473304,1,2015-07-12T00:00:00
Kanger,200.9525832,3997.067941,3672.732484,6374.061571,1,2015-07-12T00:00:00
QHI,219,4160,4387.126263,6812.857864,0,2015-07-28T00:00:00
Kanger,211,4229,3368.409059,6126.756546,1,2015-07-28T00:00:00
QHI,238,4160,3055.975469,5381.279942,0,2015-08-13T00:00:00
Kanger,235.9525832,4229,3107.513093,5496.993631,1,2015-08-13T00:00:00
QHI,241,4233,3043.243867,5263.583694,1,2015-08-29T00:00:00
Kanger,256,4233,2350.858457,4223.501769,1,2015-08-29T00:00:00
QHI,267,20573.15873,-128.523088,-83.04906205,2,2015-09-14T00:00:00
Kanger,257,4233,2197.489738,4575.754423,1,2015-09-14T00:00:00
QHI,281.3499278,20763.91991,-585.5815296,-436.8088023,2.12049062,2015-09-30T00:00:00
Kanger,282.3333333,19814.33333,365.0509031,224.3957307,2,2015-09-30T00:00:00
QHI,294.1313131,20515.6811,-474.6522367,-316.1522367,2,2015-10-16T00:00:00
Kanger,301.7176221,20500.44798,-91.13234253,-58.24203822,2,2015-10-16T00:00:00
QHI,306,4368.499278,-1032.064935,-671.6385281,3,2015-11-01T00:00:00
Kanger,309.3510262,8818.946921,-1181.024062,-870.2292994,2.712668082,2015-11-01T00:00:00
QHI,,,,,,2015-11-17T00:00:00
Kanger,,,,,,2015-11-17T00:00:00
QHI,,,,,,2015-12-03T00:00:00
Kanger,,,,,,2015-12-03T00:00:00
QHI,,,,,,2015-12-19T00:00:00
Kanger,,,,,,2015-12-19T00:00:00
QHI,,,,,,2016-01-01T00:00:00
Kanger,,,,,,2016-01-01T00:00:00
QHI,,,,,,2016-01-17T00:00:00
Kanger,31,30491.47534,-203.1973094,-122.9282511,2,2016-01-17T00:00:00
QHI,43.98533007,4190.132029,-1430.564792,-965.7775061,2.995110024,2016-02-02T00:00:00
Kanger,47,20640.1104,251.4062279,163.0339703,2.138004246,2016-02-02T00:00:00
QHI,59.76767677,20497,-600.5512266,-382.9047619,2,2016-02-18T00:00:00
Kanger,60.29582449,7344.403397,262.6935598,172.3248408,3,2016-02-18T00:00:00
QHI,74.49278499,17030.17316,-676.5310245,-424.0743146,2.183261183,2016-03-05T00:00:00
Kanger,71.47275301,20498.14933,258.3050248,179.5902335,2,2016-03-05T00:00:00
QHI,83.57070707,19563.44661,-459.6681097,-296.515873,2.056998557,2016-03-21T00:00:00
Kanger,86.95238095,20383.70936,-185.727422,-114.726601,2,2016-03-21T00:00:00
QHI,101.2842713,20496.0938,-710.3535354,-444.7135642,2,2016-04-06T00:00:00
Kanger,104.2760085,23200.18188,813.0212314,1742.276008,1,2016-04-06T00:00:00
QHI,123.0411255,11581.59885,-531.2453102,-337.2640693,2.552669553,2016-04-22T00:00:00
Kanger,120,4365,1498.319887,3297.977353,1,2016-04-22T00:00:00
QHI,132.6147186,20493,-885.8210678,-575.5836941,2,2016-05-08T00:00:00
Kanger,139,4229,1778.469214,3689.7615,1,2016-05-08T00:00:00
QHI,156.3730159,4291.119769,1521.833333,1825.531025,3,2016-05-24T00:00:00
Kanger,150.329087,4229,1995.508139,4046.980184,1,2016-05-24T00:00:00
QHI,176,4160,3098.733045,4720.480519,0,2016-06-09T00:00:00
Kanger,173,4229,2977.029016,5404.160651,1,2016-06-09T00:00:00
QHI,183,4160,3752.671717,5814.168831,0,2016-06-25T00:00:00
Kanger,182,4229,3227.770701,6019.607926,1,2016-06-25T00:00:00
QHI,197,4160,4474.722944,6913.287157,0,2016-07-11T00:00:00
Kanger,207,3865.200991,3244.444444,5740.994338,1,2016-07-11T00:00:00
QHI,220,4160,4521.776335,6861.6443,0,2016-07-27T00:00:00
Kanger,223,4216.7431,2930.58528,5296.927813,0.822363765,2016-07-27T00:00:00
QHI,234.017316,2969.464646,3420.686147,5844.32684,0.177489177,2016-08-12T00:00:00
Kanger,233.2724699,4172.2569,2551.34041,4371.259023,0.177636235,2016-08-12T00:00:00
QHI,254.3722944,4168.331169,3008.266234,5201.178932,0.062770563,2016-08-28T00:00:00
Kanger,248,4233,1985.472045,4044.262562,1,2016-08-28T00:00:00
QHI,261.034632,4232.601732,2676.903319,5111.26912,0.994227994,2016-09-13T00:00:00
Kanger,262,4233,1755.757962,3714.682944,1,2016-09-13T00:00:00
QHI,277.2943723,4271.28355,2962.700577,5716.883838,0.87950938,2016-09-29T00:00:00
Kanger,284.1507431,20214.91932,284.6171267,184.7586695,2,2016-09-29T00:00:00
QHI,299.1363636,20529.07792,-328.5627706,-215.1868687,2,2016-10-15T00:00:00
Kanger,297.2873319,19708.82166,-326.4246285,-214.3765039,2.048124558,2016-10-15T00:00:00
QHI,306,20234.11977,-328,-215.7835498,2,2016-10-31T00:00:00
Kanger,308,41703.05913,-131.4782609,-80.24,2,2016-10-31T00:00:00
QHI,,,,,,2016-11-16T00:00:00
Kanger,,,,,,2016-11-16T00:00:00
QHI,,,,,,2016-12-02T00:00:00
Kanger,,,,,,2016-12-02T00:00:00
QHI,,,,,,2016-12-18T00:00:00
Kanger,,,,,,2016-12-18T00:00:00
QHI,,,,,,2017-01-01T00:00:00
Kanger,,,,,,2017-01-01T00:00:00
QHI,,,,,,2017-01-17T00:00:00
Kanger,32,20545.14614,-494.410509,-312.4006568,3,2017-01-17T00:00:00
QHI,44.84559885,20543.89755,-690.2323232,-473.005772,2,2017-02-02T00:00:00
Kanger,43.87331918,20497.43878,-47.68011323,-30.91153574,2,2017-02-02T00:00:00
QHI,57.42929293,20660.20346,-325.8975469,-204.5591631,2,2017-02-18T00:00:00
Kanger,52.99929229,18235.52442,-163.0084926,-107.6624204,2.138004246,2017-02-18T00:00:00
QHI,75.95959596,20497,-404.5194805,-261.2683983,2,2017-03-06T00:00:00
Kanger,74.64115822,20497,-148.4219235,-91.15718718,2,2017-03-06T00:00:00
QHI,83.57070707,19563.44661,-459.6681097,-296.515873,2.056998557,2017-03-22T00:00:00
Kanger,86.95238095,20383.70936,-185.727422,-114.726601,2,2017-03-22T00:00:00
QHI,102.9018759,20495.48773,-317.4134199,-198.9163059,2,2017-04-07T00:00:00
Kanger,102.1034483,20497.8867,-119.7922824,-73.21018062,2,2017-04-07T00:00:00
QHI,118.7792208,20493,-405.6796537,-255.4949495,2,2017-04-23T00:00:00
Kanger,120.0962491,19904.98301,-55.51946214,-46.67232838,2,2017-04-23T00:00:00
QHI,136.1089466,13519.33117,-124.9393939,-45.38961039,2.429292929,2017-05-09T00:00:00
Kanger,135.7176221,2836.5046,1373.876858,3004.043878,1.096249115,2017-05-09T00:00:00
QHI,156.1695527,11598.48918,1231.61544,1632.261905,2.56998557,2017-05-25T00:00:00
Kanger,152.1776362,3924.411182,1579.443029,3737.28167,1,2017-05-25T00:00:00
QHI,168.5757576,4150.177489,2521.577922,3407.168831,2.546897547,2017-06-10T00:00:00
Kanger,163.9617834,3484.0092,2190.112527,4550.128096,1,2017-06-10T00:00:00
QHI,181,4160,3722.575036,5982.622655,0,2017-06-26T00:00:00
Kanger,177,4229,2847.251238,5508.216561,1,2017-06-26T00:00:00
QHI,193,4160,4273.923521,6433.274892,0,2017-07-12T00:00:00
Kanger,193,4229,3042.307148,5766.124558,1,2017-07-12T00:00:00
QHI,217,4160,4730.751082,6914.438672,0,2017-07-28T00:00:00
Kanger,209,4229,2971.252654,5856.179759,1,2017-07-28T00:00:00
QHI,239.965368,4304.561328,3438.912698,6622.980519,1,2017-08-13T00:00:00
Kanger,225.631281,3582.568294,2698.104034,4964.199575,1,2017-08-13T00:00:00
QHI,255,4191.281385,2816.483405,5405.204906,0.395382395,2017-08-29T00:00:00
Kanger,248,3586.568294,2006.174805,4226.149328,1,2017-08-29T00:00:00
QHI,261,4237,2649.814574,5189.562771,1,2017-09-14T00:00:00
Kanger,270,4309,1774.730361,3626.980184,1,2017-09-14T00:00:00
QHI,285.2215007,19595.27056,858.525974,959.1378066,2.05988456,2017-09-30T00:00:00
Kanger,286.6482661,20501.90304,435.3198868,421.8152866,2,2017-09-30T00:00:00
QHI,300.0858586,20667.06926,-612.9444444,-725.2265512,2.005772006,2017-10-16T00:00:00
Kanger,297.7827318,13337.83227,613.3262562,748.4295824,2.416843595,2017-10-16T00:00:00
QHI,305.8708514,4146.594517,-670.6053391,-702.0901876,3,2017-11-01T00:00:00
Kanger,307.636235,18453,383.856334,347.5852795,2,2017-11-01T00:00:00
QHI,,,,,,2017-11-17T00:00:00
Kanger,,,,,,2017-11-17T00:00:00
QHI,,,,,,2017-12-03T00:00:00
Kanger,,,,,,2017-12-03T00:00:00
QHI,,,,,,2017-12-19T00:00:00
Kanger,,,,,,2017-12-19T00:00:00